estado,api_codigo,api_descripcion,api_precio,api_disponible,shopify_id,shopify_titulo,shopify_sku
SOLO_EN_SHOPIFY_SIN_SKU,,,,,9003600773308,"(YV) Aceite Corporal de Coco Athos 250ml - Hidratante, Masajes y Bronceado",
SOLO_EN_SHOPIFY_SIN_SKU,,,,,9012649296060,(YV) Aceite de Acabado Schwarzkopf Oil Ultime con Argán (100 ml) - Brillo Ligero,
SOLO_EN_SHOPIFY_SIN_SKU,,,,,9005903282364,"(YV) Aceite de Argán Karseell ORIGINAL - Serum Reparador para Cabello, Piel y Uñas (50ml)",
SOLO_EN_SHOPIFY_SIN_SKU,,,,,9005901643964,(YV) Aceite para Bebé JOHNSON'S® Baby Original - Hidratación Superior y Masaje,
SOLO_EN_SHOPIFY_SIN_SKU,,,,,9005069041852,(YV) Aceite para Bebé JOHNSON'S® Baby Original - Hidratación y Masaje (50ml),
SOLO_EN_SHOPIFY_SIN_SKU,,,,,9012402061500,"(YV) Aceite Reparador de Puntas con CBD La Receta (30 ml) - Sella, da Brillo y Protege",
SOLO_EN_SHOPIFY_SIN_SKU,,,,,9006035468476,(YV) Acondicionador con Ceramidas Kaba - Hidratación Selladora y Anti-Frizz (500ml),
SOLO_EN_SHOPIFY_SIN_SKU,,,,,8998459834556,(YV) Acondicionador de Cebolla Anyeluz con Vitamina E - Crecimiento y Fortaleza,
SOLO_EN_SHOPIFY_SIN_SKU,,,,,8998949683388,(YV) Acondicionador de Romero Anyeluz con Ácido Hialurónico - Crecimiento y Fortaleza,
SOLO_EN_SHOPIFY_SIN_SKU,,,,,9007275835580,(YV) Acondicionador Milagros 'Milagro Herbal' - Fortalecedor y Anti-Caída (450ml),
SOLO_EN_SHOPIFY_SIN_SKU,,,,,9010937692348,(YV) Acondicionador Profesional Wella Invigo Nutri-Enrich - Hidratación Profunda (1000 ml),
SOLO_EN_SHOPIFY_SIN_SKU,,,,,9012442595516,(YV) Acondicionador Reparador Olaplex N°5 Bond Maintenance (250 ml),
SOLO_EN_SHOPIFY_SIN_SKU,,,,,9004798607548,(YV) Acondicionador Salon In Recamier 'Liss Control' - Anti-Frizz con Proteína de Seda (1 Litro),
SOLO_EN_SHOPIFY_SIN_SKU,,,,,9012739047612,(YV) Agua Micelar Garnier Todo en 1 Limpiadora (Tamaño Gigante 700 ml),
SOLO_EN_SHOPIFY_SIN_SKU,,,,,8991018909884,(YV) Alfaparf Real Rigen Repair - Mascarilla Acondicionadora Reparadora 500g Nutritiva,
SOLO_EN_SHOPIFY_SIN_SKU,,,,,9012438532284,(YV) Alisado Progresivo Vegano Chocoliss Herbal (1000 ml) con Cisteína y Cacao,
SOLO_EN_SHOPIFY_SIN_SKU,,,,,9012760281276,(YV) Ampolla Fortalecedora de Placenta de Ovejo - Tratamiento para Cabello Débil y Quebradizo,
SOLO_EN_SHOPIFY_SIN_SKU,,,,,9004578898108,(YV) Ampolla Potenciadora de Alisado Salerm Keramix 13ml (Aditivo para Keratin Shot),
SOLO_EN_SHOPIFY_SIN_SKU,,,,,9003604607164,(YV) Ampolleta Alfaparf Semi di Lino Essential Oil - Dosis de Brillo Extremo 13ml,
SOLO_EN_SHOPIFY_SIN_SKU,,,,,9004870041788,(YV) Ampolleta Capilar Bio Cress 'Hyaluronic Booster' - Hidratación y Relleno Profundo (10ml),
SOLO_EN_SHOPIFY_SIN_SKU,,,,,9012762280124,(YV) Ampolleta Capilar de Ortiga - Tratamiento Intensivo Anti-Caída y Fortalecedor,
SOLO_EN_SHOPIFY_SIN_SKU,,,,,9012761460924,(YV) Ampolleta Capilar Restauradora con Placenta - Tratamiento Intensivo Fortalecedor,
SOLO_EN_SHOPIFY_SIN_SKU,,,,,9005052559548,(YV) Ampolleta Tónico Capilar Crecepel - Tratamiento Intensivo Anti-Caída (20ml),
SOLO_EN_SHOPIFY_SIN_SKU,,,,,9003653824700,(YV) Andis Cool Care Plus 5-en-1 para Cuchillas de Máquina - 439g,
SOLO_EN_SHOPIFY_SIN_SKU,,,,,9007280718012,(YV) Antitranspirante Dove Original en Aerosol - Cuidado y Protección 72h (Jumbo 250ml),
SOLO_EN_SHOPIFY_SIN_SKU,,,,,9010827362492,(YV) Antitranspirante en Barra Lady Speed Stick Powder Fresh - Protección 48H (45g),
SOLO_EN_SHOPIFY_SIN_SKU,,,,,9007311225020,(YV) Antitranspirante en Crema Rexona Clinical Expert para Mujer - 48 gr,
SOLO_EN_SHOPIFY_SIN_SKU,,,,,9005885292732,(YV) Antitranspirante en Gel Gillette Antibacterial - 48h de Protección Cero Manchas (113g),
SOLO_EN_SHOPIFY_SIN_SKU,,,,,9007285567676,(YV) Antitranspirante en Gel Gillette Cool Wave Specialized - 82 gr,
SOLO_EN_SHOPIFY_SIN_SKU,,,,,9007339012284,(YV) Antitranspirante en Gel Gillette Power Beads - Protección Antibacterial 48H (82 g),
SOLO_EN_SHOPIFY_SIN_SKU,,,,,9012170391740,(YV) Antitranspirante en Gel Gillette Specialized - 48h de Protección Cool Wave (113g),
SOLO_EN_SHOPIFY_SIN_SKU,,,,,9005871169724,(YV) Antitranspirante Rexona Clinical Expert para Hombre - 96h de Protección Extrema (48g),
SOLO_EN_SHOPIFY_SIN_SKU,,,,,9010841911484,(YV) Antitranspirante Rexona Clinical para Hombre - Formato de Viaje 30g,
SOLO_EN_SHOPIFY_SIN_SKU,,,,,9005866057916,(YV) Antitranspirante Rexona Men V8 en Aerosol - con Tecnología Motionsense™ (200ml),
SOLO_EN_SHOPIFY_SIN_SKU,,,,,9012755693756,(YV) Bálsamo Labial Bon Shik con Manteca de Cacao - Hidratación Profunda,
SOLO_EN_SHOPIFY_SIN_SKU,,,,,9012295139516,(YV) Bálsamo Labial Medicado Carmex (Pack x3) - Alivio para Labios Secos + SPF 15,
SOLO_EN_SHOPIFY_SIN_SKU,,,,,9004802932924,(YV) Base Coat Semipermanente Latin Nails - Máxima Adherencia y Duración (15ml),
SOLO_EN_SHOPIFY_SIN_SKU,,,,,9007260991676,(YV) Base Coat Semipermanente Latin Nails - Máxima Adherencia y Duración (8ml),
SOLO_EN_SHOPIFY_SIN_SKU,,,,,9012489027772,(YV) Base de Maquillaje OG Stay Matte (30 ml) - Tono 425,
SOLO_EN_SHOPIFY_SIN_SKU,,,,,9007168192700,(YV) Base Endurecedora 'Cat Nails' con Ajo - Uñas Fuertes en 10 Días,
SOLO_EN_SHOPIFY_SIN_SKU,,,,,9004596330684,(YV) Base Líquida Vogue 'Mate Natural' con Ácido Hialurónico - Larga Duración 30ml,
SOLO_EN_SHOPIFY_SIN_SKU,,,,,9007290187964,(YV) Bloqueador Solar Tanga SPF 100 en Crema - Display de 12 Unidades de 10ml,
SOLO_EN_SHOPIFY_SIN_SKU,,,,,9007223603388,(YV) Brillo Acrílico para Uñas Slendy - Secado Rápido y Efecto Gel,
SOLO_EN_SHOPIFY_SIN_SKU,,,,,9010905219260,(YV) Brillo Labial NIVEA Strawberry Shine - Dosis Individual en Sobre (Fresa),
SOLO_EN_SHOPIFY_SIN_SKU,,,,,9007174484156,(YV) Bronceador D'Luchi de Zanahoria y Canela - Acelerador de Bronceado (250ml),
SOLO_EN_SHOPIFY_SIN_SKU,,,,,8998445908156,(YV) Caja 12 Sachets Protector Solar Arawak Sundark SPF 60 - Dosis Perfecta para Llevar,
SOLO_EN_SHOPIFY_SIN_SKU,,,,,9010933858492,(YV) Caja de Preservativos Surtidos DUO - 4 Variedades (50 Unidades),
SOLO_EN_SHOPIFY_SIN_SKU,,,,,9010862424252,(YV) Cepillo de Dientes Pro Suave 425 - Limpieza Eficaz para Encías Sensibles,
SOLO_EN_SHOPIFY_SIN_SKU,,,,,9012300054716,"(YV) Cepillo Secador Alisador BaBylissPRO 2 en 1 (2.75"") - Iónico Anti-Friz",
SOLO_EN_SHOPIFY_SIN_SKU,,,,,9007169667260,(YV) Cepillo Secador Profesional CMS Cosmos 'Lira' - con 2 Cabezales Intercambiables,
SOLO_EN_SHOPIFY_SIN_SKU,,,,,9004611469500,(YV) Cepillo Secador y Voluminizador Alizz Air 360 - Tecnología Iónica Anti-Frizz,
SOLO_EN_SHOPIFY_SIN_SKU,,,,,9007377416380,(YV) Cera Depilatoria Profesional de Miel Natural Bell - 1000g,
SOLO_EN_SHOPIFY_SIN_SKU,,,,,9007384428732,(YV) Cera Moldeadora y Texturizante Recamier Sculpting Wax - 200g,
SOLO_EN_SHOPIFY_SIN_SKU,,,,,9012885422268,(YV) Cinta Microporosa Hipoalergénica Prolatex (Micropore) Color Piel - 1.5 Pulgadas,
SOLO_EN_SHOPIFY_SIN_SKU,,,,,8999136460988,(YV) Colonia para Bebé Arrurrú Original Azul - Formato Familiar 800 ml,
SOLO_EN_SHOPIFY_SIN_SKU,,,,,8998451347644,(YV) Colonia para Bebé Arrurrú Original Azul - Mega-Ahorro 1075 ml,
SOLO_EN_SHOPIFY_SIN_SKU,,,,,8998992150716,(YV) Colonia para Bebé Arrurrú Original Rosada - Mega Formato Ahorro 1075 ml,
SOLO_EN_SHOPIFY_SIN_SKU,,,,,9012309885116,(YV) Color Wow Dream Coat Supernatural Spray (200 ml) - Anti-Frizz y Termoprotector,
SOLO_EN_SHOPIFY_SIN_SKU,,,,,8998458392764,(YV) Combo Arrurrú: Colonia Original Azul 120 ml + Jabón en Barra 120 gr,
SOLO_EN_SHOPIFY_SIN_SKU,,,,,9004830654652,(YV) Copitos de Algodón Sedocitos - Suavidad y Precisión (Paquete x80 Unidades),
SOLO_EN_SHOPIFY_SIN_SKU,,,,,9003630821564,(YV) Corrector Líquido Anik 'Bonita' Alta Cobertura - Tono 01 Bella,
SOLO_EN_SHOPIFY_SIN_SKU,,,,,9010832212156,(YV) Corrector Líquido de Alta Cobertura Dolce Bella - Tono Beige,
SOLO_EN_SHOPIFY_SIN_SKU,,,,,9003728732348,(YV) Corrector Líquido Hidratante Atenea '1st Scene' - Alta Cobertura Luminosa (Tono Cinnamon),
SOLO_EN_SHOPIFY_SIN_SKU,,,,,9010930417852,(YV) Corrector Líquido Hidratante BLOOMSHELL - Alta Cobertura | Tono 01 Natural,
SOLO_EN_SHOPIFY_SIN_SKU,,,,,9012907671740,(YV) Cortaúñas de Precisión Trim de Acero Inoxidable,
SOLO_EN_SHOPIFY_SIN_SKU,,,,,9004601082044,(YV) Crema Aclarante Despigmentante Zamia - Fórmula Natural Anti-Manchas 60g,
SOLO_EN_SHOPIFY_SIN_SKU,,,,,9010828017852,(YV) Crema Antiarrugas Pond's Rejuveness - Formato Ahorro 200g,
SOLO_EN_SHOPIFY_SIN_SKU,,,,,9007347073212,(YV) Crema Antiarrugas Pond's Rejuveness con Colágeno y Vitamina E - 100g,
SOLO_EN_SHOPIFY_SIN_SKU,,,,,9005046071484,(YV) Crema Antiarrugas y Reafirmante Cicatricure - Tratamiento Anti-Edad (60g),
SOLO_EN_SHOPIFY_SIN_SKU,,,,,9010864455868,(YV) Crema Antimanchas Pond's Clarant B3 Piel Seca - Tono Uniforme en 2 Semanas (100g),
SOLO_EN_SHOPIFY_SIN_SKU,,,,,9007305621692,(YV) Crema Corporal Hidratante Lubriderm Protección Solar FPS 15 - 946ml,
SOLO_EN_SHOPIFY_SIN_SKU,,,,,9007203287228,(YV) Crema Corporal Lubriderm 'Reparación Intensiva' - Formato Familiar (946ml),
SOLO_EN_SHOPIFY_SIN_SKU,,,,,9007182545084,(YV) Crema Corporal Lubriderm 'Reparación Intensiva' - Piel Extra Seca (400ml),
SOLO_EN_SHOPIFY_SIN_SKU,,,,,9004889604284,"(YV) Crema Corporal Lubriderm Men 3 en 1 - Cuerpo, Rostro y Post-Afeitado (400ml)",
SOLO_EN_SHOPIFY_SIN_SKU,,,,,9005975732412,(YV) Crema Corporal Lubriderm Piel Normal - Hidratación Familiar (Jumbo 946ml),
SOLO_EN_SHOPIFY_SIN_SKU,,,,,9005016613052,(YV) Crema Corporal Lubriderm Reparación Intensiva - Para Piel Extra Seca (120ml),
SOLO_EN_SHOPIFY_SIN_SKU,,,,,9010839650492,(YV) Crema Corporal Lubriderm Reparación Intensiva para Piel Seca - 400ml,
SOLO_EN_SHOPIFY_SIN_SKU,,,,,9004741001404,(YV) Crema Corporal NIVEA Milk Nutritiva - 48h de Humectación para Piel Extra Seca (400ml),
SOLO_EN_SHOPIFY_SIN_SKU,,,,,9004859064508,(YV) Crema Corporal NIVEA Milk Nutritiva 1 Litro - Mega Ahorro Familiar para Piel Extra Seca,
SOLO_EN_SHOPIFY_SIN_SKU,,,,,9010912985276,(YV) Crema Corporal para Bebé Personal Choice - Hipoalergénica y Humectante (650 ml),
SOLO_EN_SHOPIFY_SIN_SKU,,,,,9010885787836,(YV) Crema Corporal Reafirmante Nivea Q10 + Vitamina C - Formato Gigante 1 Litro,
SOLO_EN_SHOPIFY_SIN_SKU,,,,,9005028606140,(YV) Crema Corporal Reafirmante NIVEA Q10 con Vitamina C - Piel Normal (400ml),
SOLO_EN_SHOPIFY_SIN_SKU,,,,,9010893390012,(YV) Crema de Coloración Profesional Nouvelle #1 Negro (1N) - 100g,
SOLO_EN_SHOPIFY_SIN_SKU,,,,,9010692260028,(YV) Crema Dental Blanqueadora Colgate Luminous White Brilliant - 125ml,
SOLO_EN_SHOPIFY_SIN_SKU,,,,,9004764954812,(YV) Crema Dental Colgate Luminous White Brilliant - 1 Tono Más Blanco en 1 Semana (75ml),
SOLO_EN_SHOPIFY_SIN_SKU,,,,,9012629078204,(YV) Crema Dental Colgate Luminous White Carbón Activado (75 ml) - Blanqueadora,
SOLO_EN_SHOPIFY_SIN_SKU,,,,,9004873089212,(YV) Crema Dental Colgate Luminous White Carbón Activado - Blanqueadora (75ml),
SOLO_EN_SHOPIFY_SIN_SKU,,,,,9010826510524,(YV) Crema Dental Colgate Total 12 Salud Bucal Completa - Clean Mint 150g,
SOLO_EN_SHOPIFY_SIN_SKU,,,,,9004759089340,(YV) Crema Dental Colgate Triple Acción - Protección Familiar Completa (150g),
SOLO_EN_SHOPIFY_SIN_SKU,,,,,9007286845628,(YV) Crema Dental Colgate Triple Acción Menta Original - 60ml,
SOLO_EN_SHOPIFY_SIN_SKU,,,,,9004956418236,(YV) Crema Dental Sensodyne Rápido Alivio - Alivio en 60 Segundos (100g),
SOLO_EN_SHOPIFY_SIN_SKU,,,,,9004591349948,(YV) Crema Despigmentante Blankisima - Hidroquinona al 2% (32g),
SOLO_EN_SHOPIFY_SIN_SKU,,,,,9012427653308,(YV) Crema Despigmentante y Aclarante Piel de Oro (120 ml) - Para Rostro y Zonas Íntimas,
SOLO_EN_SHOPIFY_SIN_SKU,,,,,9007175401660,(YV) Crema Facial Aclaradora Pond's Clarant B3 con SPF 30 - Anti-Manchas (100g),
SOLO_EN_SHOPIFY_SIN_SKU,,,,,9005020086460,(YV) Crema Facial Aclaradora Teatrical con Células Madre y Filtro UV (75ml),
SOLO_EN_SHOPIFY_SIN_SKU,,,,,9010702713020,(YV) Crema Facial Antimanchas Pond's Clarant B3 para Piel Seca - 50g,
SOLO_EN_SHOPIFY_SIN_SKU,,,,,9012674199740,(YV) Crema Facial Tensora Kaba (50 ml) con Ácido Hialurónico y Vitamina C - Efecto Lifting,
SOLO_EN_SHOPIFY_SIN_SKU,,,,,9007377842364,(YV) Crema Hidratante Nivea Creme - La Clásica Lata Azul (30ml),
SOLO_EN_SHOPIFY_SIN_SKU,,,,,9005897351356,(YV) Crema Hidratante St. Ives Renovadora con Colágeno y Elastina (283g),
SOLO_EN_SHOPIFY_SIN_SKU,,,,,9007288254652,(YV) Crema Líquida Humectante Johnson's Baby Original - 400ml,
SOLO_EN_SHOPIFY_SIN_SKU,,,,,9010847088828,(YV) Crema Líquida Johnson's® Baby - Aroma Clásico a Bebé (Rosada) 200ml,
SOLO_EN_SHOPIFY_SIN_SKU,,,,,9005902299324,(YV) Crema Líquida JOHNSON'S® Baby Original - Hidratación 24h (Mega Botella 800ml),
SOLO_EN_SHOPIFY_SIN_SKU,,,,,9010889556156,(YV) Crema NIVEA Creme Lata Azul - Hidratante Multiusos para Toda la Familia (400 ml),
SOLO_EN_SHOPIFY_SIN_SKU,,,,,9004702990524,(YV) Crema N°4 Original Anti-Pañalitis - Protección y Alivio para tu Bebé (110g),
SOLO_EN_SHOPIFY_SIN_SKU,,,,,9012419002556,"(YV) Crema para Peinar Etniker Definidora de Rizos (290 gr) - con Coco, Karité y Monoi",
SOLO_EN_SHOPIFY_SIN_SKU,,,,,9006031896764,(YV) Crema para Peinar JOHNSON'S® 'Hidratación Intensa' - Desenreda sin Lágrimas,
SOLO_EN_SHOPIFY_SIN_SKU,,,,,9010861506748,(YV) Crema para Peinar La Poción TONGOLÉ - Definición de Rizos y Ondas 440ml,
SOLO_EN_SHOPIFY_SIN_SKU,,,,,9007376072892,(YV) Crema para Peinar Sedal Rizos Definidos - 300ml,
SOLO_EN_SHOPIFY_SIN_SKU,,,,,9004956876988,(YV) Crema Termo-Alisadora Herbacol 'Lisso Inteligente' - Liso Progresivo (Sachet 20ml),
SOLO_EN_SHOPIFY_SIN_SKU,,,,,8998941327548,(YV) Decolorante Alfaparf BB Bleach High Lift 9 Tonos - Sobre 50g,
SOLO_EN_SHOPIFY_SIN_SKU,,,,,9004612419772,(YV) Decolorante Profesional 'Intensity' 9 Tonos con Plex Integrado - 400g,
SOLO_EN_SHOPIFY_SIN_SKU,,,,,9012258373820,(YV) Decolorante Profesional Alfaparf BB Bleach Easy Lift 7 Tonos (400 g),
SOLO_EN_SHOPIFY_SIN_SKU,,,,,9012754612412,(YV) Decolorante Profesional Alfaparf BB Bleach High Lift 7 Tonos (Sachet 50 gr),
SOLO_EN_SHOPIFY_SIN_SKU,,,,,8999137181884,(YV) Decolorante Profesional Alfaparf BB Bleach High Lift 9 Tonos - 400g,
SOLO_EN_SHOPIFY_SIN_SKU,,,,,9010886639804,(YV) Decolorante Profesional en Polvo Nouvelle - Aclarado Superior (Sachet 50g),
SOLO_EN_SHOPIFY_SIN_SKU,,,,,9010863014076,(YV) Decolorante Profesional Nouvelle - Aclara hasta 9 Tonos (Sachet 50g),
SOLO_EN_SHOPIFY_SIN_SKU,,,,,9004602949820,(YV) Decolorante Profesional Wella BlondorPlex con Bond Builder - 800g,
SOLO_EN_SHOPIFY_SIN_SKU,,,,,9012666663100,(YV) Delineador de Ojos Plumón AME Midnight - Negro Mate a Prueba de Agua,
SOLO_EN_SHOPIFY_SIN_SKU,,,,,9012437582012,(YV) Derma Roller Facial y Capilar - Estimulador de Colágeno y Crecimiento,
SOLO_EN_SHOPIFY_SIN_SKU,,,,,9012385251516,(YV) Desmaquillante Bifásico Samy con Aloe Vera (260 ml) - Remueve Maquillaje a Prueba de Agua,
SOLO_EN_SHOPIFY_SIN_SKU,,,,,9010840862908,(YV) Desodorante Antibacterial para Pies Deo Pies - Protección Avanzada 260ml,
SOLO_EN_SHOPIFY_SIN_SKU,,,,,9007285010620,(YV) Desodorante Antitranspirante en Crema Lady Speed Stick Derma + Omega 3 - 100 gr,
SOLO_EN_SHOPIFY_SIN_SKU,,,,,9004825968828,(YV) Desodorante Antitranspirante para Pies 'Acti-Pie Clinical' - 72h de Protección Extrema (260ml),
SOLO_EN_SHOPIFY_SIN_SKU,,,,,9010703106236,(YV) Desodorante Antitranspirante para Pies Deo Pies Mujer - Frescura 24H (260ml),
SOLO_EN_SHOPIFY_SIN_SKU,,,,,9007278063804,(YV) Desodorante Body Spray Axe 'Dark Temptation' - Aroma a Chocolate (150ml),
SOLO_EN_SHOPIFY_SIN_SKU,,,,,9005024313532,(YV) Desodorante en Barra Dove Dermo Aclarant - Unifica el Tono de tus Axilas (45g),
SOLO_EN_SHOPIFY_SIN_SKU,,,,,9004570902716,(YV) Desodorante en Barra Lady Speed Stick Invisible Dry - 48h Anti-Manchas 39.6g,
SOLO_EN_SHOPIFY_SIN_SKU,,,,,9003742167228,(YV) Desodorante en Crema Balance Clinical Protection 96h - Mini Tubo 32g,
SOLO_EN_SHOPIFY_SIN_SKU,,,,,9004604489916,(YV) Desodorante en Crema Balance Men Clinical Protection 96h - Mini Tubo 32g,
SOLO_EN_SHOPIFY_SIN_SKU,,,,,9010800066748,(YV) Desodorante en Crema Rexona Clinical Mujer - Formato de Viaje 30g,
SOLO_EN_SHOPIFY_SIN_SKU,,,,,9007358247100,(YV) Desodorante Natural en Barra LEA - Piedra de Alumbre 100% Mineral,
SOLO_EN_SHOPIFY_SIN_SKU,,,,,9012754284732,(YV) Desodorante Rexona Clinical Expert Aerosol (Pack x2) - Máxima Protección,
SOLO_EN_SHOPIFY_SIN_SKU,,,,,9010895585468,(YV) Desodorante Roll-On Antitranspirante Wild Country de Avon (75 ml),
SOLO_EN_SHOPIFY_SIN_SKU,,,,,9003676532924,(YV) Desodorante Roll-On Babaria de Avena - 48h Protección para Piel Sensible 50ml,
SOLO_EN_SHOPIFY_SIN_SKU,,,,,9010847482044,(YV) Desodorante Roll-On Dove Dermo Aclarant - Unifica el Tono 50ml,
SOLO_EN_SHOPIFY_SIN_SKU,,,,,9004957827260,(YV) Display x18 Sobres de Gel Antitranspirante Speed Stick Xtreme Night (10g c/u),
SOLO_EN_SHOPIFY_SIN_SKU,,,,,9004994724028,(YV) Enjuague Bucal Listerine Cool Mint - Protección Anti-Placa y Mal Aliento (500ml),
SOLO_EN_SHOPIFY_SIN_SKU,,,,,9005891551420,(YV) Ensure Advance Suplemento Nutricional con HMB - Sabor Vainilla (400g),
SOLO_EN_SHOPIFY_SIN_SKU,,,,,9007374270652,(YV) Esmalte Endurecedor de Uñas Quimica Alemana - Fórmula Original 14ml,
SOLO_EN_SHOPIFY_SIN_SKU,,,,,9003737317564,(YV) Fijador de Maquillaje Ame 'Holy Fix' - Larga Duración y Acabado Natural 130ml,
SOLO_EN_SHOPIFY_SIN_SKU,,,,,9012394918076,(YV) Fijador de Maquillaje Samy (80 ml) con Protección de Luz Azul y Anti-Polución,
SOLO_EN_SHOPIFY_SIN_SKU,,,,,9007287533756,(YV) Fotoprotector ISDIN Fusion Water Color SPF 50 - Tono Light,
SOLO_EN_SHOPIFY_SIN_SKU,,,,,9012192444604,(YV) Fotoprotector ISDIN Fusion Water Magic Medium SPF 50 - Con Color y Ácido Hialurónico,
SOLO_EN_SHOPIFY_SIN_SKU,,,,,9012247134396,(YV) Fotoprotector ISDIN Fusion Water Magic SPF 50 - Textura Ultraligera e Hidratación Intensa,
SOLO_EN_SHOPIFY_SIN_SKU,,,,,9012509737148,(YV) Fragancia Antibacterial de Bolsillo FRISYLEN (38 ml) - Desinfecta y Perfuma,
SOLO_EN_SHOPIFY_SIN_SKU,,,,,9010898010300,(YV) Gel de Baño Reparador Lactovit con 10% Lactourea - Piel Extra Seca (600 ml),
SOLO_EN_SHOPIFY_SIN_SKU,,,,,8998965510332,(YV) Gel Definidor de Rizos Andrea Sonrizos 290g - Fijación Flexible y Anti-Frizz,
SOLO_EN_SHOPIFY_SIN_SKU,,,,,9005873365180,(YV) Gel Fijador (Gomina) N°17 - Fijación Fuerte Efecto Húmedo (Sachet 90g),
SOLO_EN_SHOPIFY_SIN_SKU,,,,,9005000491196,(YV) Gel Fijador Got2b Glued - Fijación Extrema para Cabello y Cejas (35g),
SOLO_EN_SHOPIFY_SIN_SKU,,,,,9010848432316,(YV) Gel Fijador Moco de Gorila Punk - Fijación Extrema Indestructible 340g,
SOLO_EN_SHOPIFY_SIN_SKU,,,,,9012468875452,(YV) Gel Fluido Definidor de Rizos Etniker (Jelly Gel) - con Coco y Linaza,
SOLO_EN_SHOPIFY_SIN_SKU,,,,,9004954517692,(YV) Gel Hidratante Facial Neutrogena Hydro Boost - con Ácido Hialurónico 50g,
SOLO_EN_SHOPIFY_SIN_SKU,,,,,9010880479420,(YV) Gel Hidratante Facial Nivea con Ácido Hialurónico - Hyaluron Gel 100ml,
SOLO_EN_SHOPIFY_SIN_SKU,,,,,9006058111164,(YV) Gel para Cejas y Pestañas Melu by Ruby Rose - ¡Fijación y Definición Perfecta!,
SOLO_EN_SHOPIFY_SIN_SKU,,,,,9010907218108,(YV) Gel Puro de Aloe Vera (Sábila) Penkaloe - Hidratante y Calmante (120 ml),
SOLO_EN_SHOPIFY_SIN_SKU,,,,,9010831687868,(YV) Gel Removedor Mágico para Esmalte Semipermanente Destellos - 15ml,
SOLO_EN_SHOPIFY_SIN_SKU,,,,,9007270854844,(YV) Gelatina Capilar Skala 'Cachos' - Potenciador de Definición para Rizos (1000g),
SOLO_EN_SHOPIFY_SIN_SKU,,,,,9012898431164,(YV) Gotas Azules Matizantes - Neutralizador de Naranjas para Rubios Perfectos,
SOLO_EN_SHOPIFY_SIN_SKU,,,,,9012806615228,(YV) Gotas de Ácido Hialurónico Lehit (10g) - Tratamiento Hidratante y Anti-Frizz,
SOLO_EN_SHOPIFY_SIN_SKU,,,,,9007379513532,(YV) Gotas de Brillo y Seda Pro-Line - Silicona Finalizadora Profesional,
SOLO_EN_SHOPIFY_SIN_SKU,,,,,9010842960060,(YV) Intensificador de Color Salermvison 0.66 Rojo Shanghai - 75ml,
SOLO_EN_SHOPIFY_SIN_SKU,,,,,9010905612476,(YV) Jabón Repelente de Insectos Nopikex con Citronela (50 g),
SOLO_EN_SHOPIFY_SIN_SKU,,,,,9004967723196,(YV) Keratina Orgánica Vegana Ritual Botánico - Alisado Profesional (1 Litro),
SOLO_EN_SHOPIFY_SIN_SKU,,,,,9010834473148,(YV) Keratina Orgánica Vegana Ritual Botánico - Alisado Sin Formol 120ml,
SOLO_EN_SHOPIFY_SIN_SKU,,,,,9005898989756,(YV) Kit Alisador Profectiv MegaGrowth para Cabello Afro - Caja Profesional x7 Aplicaciones,
SOLO_EN_SHOPIFY_SIN_SKU,,,,,9005937262780,(YV) Kit de Alisado Lovingarden 'Olive Oil' por Vanessa Mendoza (Rinde 2 Aplicaciones),
SOLO_EN_SHOPIFY_SIN_SKU,,,,,9005012615356,(YV) Kit de Alisado Lovingarden por Vanessa Mendoza - Coco y Argán (Rinde 2 Aplicaciones),
SOLO_EN_SHOPIFY_SIN_SKU,,,,,9007177760956,(YV) Kit de Alisado Orgánico y Vegano Ritual Botánico - Liso por Meses (250ml),
SOLO_EN_SHOPIFY_SIN_SKU,,,,,9012445905084,(YV) Kit de Brochas de Maquillaje Profesional LULA (30 Piezas) - Set Completo para Ojos y Rostro,
SOLO_EN_SHOPIFY_SIN_SKU,,,,,9004652101820,(YV) Kit de Manicura Merheje: Corta Cutícula Básico + Espátula Empujadora,
SOLO_EN_SHOPIFY_SIN_SKU,,,,,9005072187580,(YV) Kit de Tinte Semipermanente para Cejas DefinePRO - Castaño Oscuro (Efecto Sombreado),
SOLO_EN_SHOPIFY_SIN_SKU,,,,,9004843696316,(YV) Kit Decolorante Corporal Rayitos De Sol - Vellos Dorados Sin Picar (1 Aplicación),
SOLO_EN_SHOPIFY_SIN_SKU,,,,,9004577030332,(YV) Kit Nutribela Biokeratina (Shampoo+Acondicionador+Tratamiento) - Efecto Liso y Anti-Frizz,
SOLO_EN_SHOPIFY_SIN_SKU,,,,,9010808193212,(YV) Kit Shampoo + Acondicionador Mariana Zapata - Aroma Bombón de Fresa (2 x 500ml),
SOLO_EN_SHOPIFY_SIN_SKU,,,,,9003724800188,(YV) Laca Aqua Net Extra Super Hold - Fijación Extrema Legendaria,
SOLO_EN_SHOPIFY_SIN_SKU,,,,,8998460162236,(YV) Laca Babaria Fijación Fuerte con Vitamina B5 - 400ml,
SOLO_EN_SHOPIFY_SIN_SKU,,,,,9005956759740,(YV) Laca de Fijación Fuerte 'Natural Style Pro' - Brillo Sedoso y Anti-Humedad (300ml),
SOLO_EN_SHOPIFY_SIN_SKU,,,,,9005861109948,(YV) Laca Fuerte Kleer Lac de Recamier - Sachet No Aerosol (150ml),
SOLO_EN_SHOPIFY_SIN_SKU,,,,,9012407861436,(YV) Laca Profesional SALON IN de Recamier (280 ml) - Fijación Extra Fuerte #3,
SOLO_EN_SHOPIFY_SIN_SKU,,,,,9010699010236,(YV) Laca Profesional Salon In Fijación Extra Fuerte (Nivel 3) - 1000ml,
SOLO_EN_SHOPIFY_SIN_SKU,,,,,9010699305148,(YV) Laca Profesional Salon In Fijación Media (Nivel 2) - 280ml,
SOLO_EN_SHOPIFY_SIN_SKU,,,,,9006061420732,(YV) Laca Profesional Schwarzkopf Silhouette - Fijación Extra Fuerte (500ml),
SOLO_EN_SHOPIFY_SIN_SKU,,,,,9006038614204,(YV) Laca Suave Kleer Lac de Recamier - Fijación Flexible y Natural (Sachet 150ml),
SOLO_EN_SHOPIFY_SIN_SKU,,,,,9006049657020,(YV) Lápiz Delineador de Ojos Samy - Tono #7 Tabaco (Larga Duración),
SOLO_EN_SHOPIFY_SIN_SKU,,,,,9007210397884,(YV) Leche Corporal Reparadora Lactovit 'Lactourea' - Piel Extra Seca (1 Litro),
SOLO_EN_SHOPIFY_SIN_SKU,,,,,9010895388860,(YV) Leche Corporal Reparadora Lactovit con 10% Lactourea - Piel Extra Seca (400 ml),
SOLO_EN_SHOPIFY_SIN_SKU,,,,,9010881527996,(YV) Limpiador Facial 2 en 1 Pond's - Micro-exfoliante con Vitamina B3 y Ácido Hialurónico 50g,
SOLO_EN_SHOPIFY_SIN_SKU,,,,,9007387672764,(YV) Loción de Acetato de Aluminio Licol - Calmante y Protectora 120ml,
SOLO_EN_SHOPIFY_SIN_SKU,,,,,9005967147196,(YV) Loción Facial Sorel F-Aridh - Tratamiento Antiedad y Despigmentante (120ml),
SOLO_EN_SHOPIFY_SIN_SKU,,,,,9012197294268,"(YV) Mantequilla Corporal Lluvia de Estrellas - Piel Hidratada, Bronceada y Luminosa",
SOLO_EN_SHOPIFY_SIN_SKU,,,,,9012408877244,(YV) Mantequilla para Rizos Menta Hair (1000 ml) - Nutrición Profunda con Murumuru y Coco,
SOLO_EN_SHOPIFY_SIN_SKU,,,,,9012782989500,(YV) Máquina de Afeitar Desechable Gillette Ultragrip con Cabeza Móvil (1 Unidad),
SOLO_EN_SHOPIFY_SIN_SKU,,,,,9007374860476,(YV) Máquina de Afeitar Desechable Schick Xtreme 3 para Piel Sensible - 1 Und,
SOLO_EN_SHOPIFY_SIN_SKU,,,,,9007211675836,(YV) Máquina de Afeitar Gillette Prestobarba3 - 3 Hojas Desechable,
SOLO_EN_SHOPIFY_SIN_SKU,,,,,9005945192636,(YV) Máquina de Afeitar Schick Quattro for Women - Afeitado Suave para Piel Sensible,
SOLO_EN_SHOPIFY_SIN_SKU,,,,,9005866582204,(YV) Máquina de Afeitar Schick Quattro Titanium Sensitive - Desechable (1 Unidad),
SOLO_EN_SHOPIFY_SIN_SKU,,,,,9007170158780,(YV) Máquina de Corte Profesional Wahl 5-Star Legend - Especial para Fades (8147),
SOLO_EN_SHOPIFY_SIN_SKU,,,,,9005882278076,(YV) Máquina de Peluquería Profesional Wahl Designer Original (Motor V5000),
SOLO_EN_SHOPIFY_SIN_SKU,,,,,9012552564924,(YV) Máscara de Pestañas Vogue al Infinitto (A Prueba de Agua) - Extra Largas,
SOLO_EN_SHOPIFY_SIN_SKU,,,,,9004968542396,(YV) Mascarilla Alisado Progresivo 'WOW' de Leche Pal Pelo (800ml),
SOLO_EN_SHOPIFY_SIN_SKU,,,,,9010907611324,(YV) Mascarilla Capilar Ancestral La Poción (Refill Eco-Amigable) - 350 ml,
SOLO_EN_SHOPIFY_SIN_SKU,,,,,9004638798012,(YV) Mascarilla Capilar Karseell de Colágeno - El Tratamiento Viral de TikTok (500ml),
SOLO_EN_SHOPIFY_SIN_SKU,,,,,9005070811324,(YV) Mascarilla de Colágeno Karseell - Dosis S.O.S. Viral de TikTok (Sachet 24ml),
SOLO_EN_SHOPIFY_SIN_SKU,,,,,9010881953980,(YV) Mascarilla de Nutrición Profunda La Poción TONGOLÉ para Rizos - 350ml,
SOLO_EN_SHOPIFY_SIN_SKU,,,,,9012436336828,(YV) Mascarilla de Nutrición Profunda Wella Invigo Nutri-Enrich (500 ml),
SOLO_EN_SHOPIFY_SIN_SKU,,,,,9010838307004,(YV) Mascarilla de Reconstrucción L'Oréal Absolut Repair con Quinoa Dorada - 250ml,
SOLO_EN_SHOPIFY_SIN_SKU,,,,,9005021495484,(YV) Mascarilla de Reparación 'Multivitamínica' Milagros - S.O.S. para Alisados y Decolorados (450g),
SOLO_EN_SHOPIFY_SIN_SKU,,,,,9012565082300,(YV) Mascarilla de Rescate Milagros Reparación Intensiva (450 ml) - Post-Química,
SOLO_EN_SHOPIFY_SIN_SKU,,,,,9006012137660,(YV) Mascarilla Matizante Naissant 'Perla Beige' - Neutraliza Tonos Amarillos (330ml),
SOLO_EN_SHOPIFY_SIN_SKU,,,,,9007337930940,(YV) Mascarilla Matizante Naissant Tono Sobre Tono - Cana Silver 300ml,
SOLO_EN_SHOPIFY_SIN_SKU,,,,,9010826150076,(YV) Mascarilla Matizante Naissant Tono sobre Tono Perla Beige - Sachet 40ml,
SOLO_EN_SHOPIFY_SIN_SKU,,,,,9012758347964,(YV) Mascarilla para Labios de Colágeno y Oro 24K KORMESIC - Hidratación Intensiva,
SOLO_EN_SHOPIFY_SIN_SKU,,,,,9006046544060,(YV) Mascarilla Profesional L'Oréal Absolut Repair Molecular - Reparación Profunda (500ml),
SOLO_EN_SHOPIFY_SIN_SKU,,,,,9007177105596,(YV) Mascarilla Reconstructora 'UltrActive' - Keratina Vegana y Colágeno (500ml),
SOLO_EN_SHOPIFY_SIN_SKU,,,,,9012204798140,(YV) Mascarilla Reparadora Divanti Hair Boost 300 ml - Tratamiento Intensivo para Cabello Dañado,
SOLO_EN_SHOPIFY_SIN_SKU,,,,,9007301001404,(YV) Mascarilla Reparadora L'Oréal Professionnel Absolut Repair Lipidium - 500ml,
SOLO_EN_SHOPIFY_SIN_SKU,,,,,9010890506428,(YV) Mascarilla Restructurante de Proteína de Arroz Nouvelle (500g) - Reparación Profesional,
SOLO_EN_SHOPIFY_SIN_SKU,,,,,9010843910332,(YV) Mascarilla S.O.S. Bomba Botánica - Crecimiento y Anti-Caída 400ml,
SOLO_EN_SHOPIFY_SIN_SKU,,,,,9007376892092,(YV) Mascarilla Sellante de Cutícula Post-Químico Naprolab - Sachet 30ml,
SOLO_EN_SHOPIFY_SIN_SKU,,,,,9012496826556,(YV) Mascarilla Wella Oil Reflections Luminous Reboost (150 ml) - Brillo y Suavidad,
SOLO_EN_SHOPIFY_SIN_SKU,,,,,9012404060348,(YV) Mascarilla Wella Ultimate Repair con AHA y Omega-9 (150 ml) - Reparación Profunda,
SOLO_EN_SHOPIFY_SIN_SKU,,,,,9007206400188,(YV) Mega Pack Ahorro x2 Talco para Pies Mexsana Antibacterial (260ml c/u),
SOLO_EN_SHOPIFY_SIN_SKU,,,,,9004890587324,(YV) Mega Pack Ahorro: Protectores Diarios Nosotras Multiestilo x 200 Unidades,
SOLO_EN_SHOPIFY_SIN_SKU,,,,,9007282323644,(YV) Mega Rollo de Toallas Desechables Belotti - 890 Hojas para Salón y Spa,
SOLO_EN_SHOPIFY_SIN_SKU,,,,,9004852969660,(YV) Minoxidil MK Forte 5% Solución Tópica - Tratamiento Anticaída (60ml),
SOLO_EN_SHOPIFY_SIN_SKU,,,,,9007385379004,(YV) Mousse de Volumen y Flexibilidad Salon In - Adapta Foam (Nivel 2) 280ml,
SOLO_EN_SHOPIFY_SIN_SKU,,,,,9004955664572,(YV) Nivea Creme - La Icónica Crema Hidratante Multiusos en Lata (150ml),
SOLO_EN_SHOPIFY_SIN_SKU,,,,,9006017544380,(YV) Nivea Creme - La Icónica Lata Azul en Tamaño Práctico (50ml),
SOLO_EN_SHOPIFY_SIN_SKU,,,,,9010835947708,(YV) OFERTA! Pack Ahorro Acetato de Aluminio Licol (500ml + 120ml),
SOLO_EN_SHOPIFY_SIN_SKU,,,,,9010892275900,(YV) Olaplex 4-in-1 Moisture Mask - Hidratación Profesional Intensiva (370 ml),
SOLO_EN_SHOPIFY_SIN_SKU,,,,,9012253458620,"(YV) Olaplex No. 7 Bonding Oil - Aceite Reparador, Brillo y Termoprotector",
SOLO_EN_SHOPIFY_SIN_SKU,,,,,9012409630908,(YV) Olaplex N°3 Hair Perfector Reconstructor Capilar (Tamaño Grande 250 ml),
SOLO_EN_SHOPIFY_SIN_SKU,,,,,9012628717756,"(YV) Óleo Capilar Karina Escobar (60 ml) - con Coco, Argán, Jojoba y Vitamina E",
SOLO_EN_SHOPIFY_SIN_SKU,,,,,9004592398524,"(YV) Óleo Capilar Profesional Thym's de Argán - Brillo, Anti-Frizz y Termoprotector 60ml",
SOLO_EN_SHOPIFY_SIN_SKU,,,,,9012304675004,(YV) Óleo Cauterizador Molecular Capilar Thym’s (60 ml) - Reparación Intensiva y Anti-Frizz,
SOLO_EN_SHOPIFY_SIN_SKU,,,,,9005993885884,(YV) Pack Ahorro Talco para Pies Mexsana Clásico - Triple Protección (150g + 85g),
SOLO_EN_SHOPIFY_SIN_SKU,,,,,9006083080380,(YV) Pack Ahorro Talco para Pies Mexsana Clásico - Triple Protección (300g + 85g),
SOLO_EN_SHOPIFY_SIN_SKU,,,,,9004944818364,(YV) Pack Ahorro Talco para Pies Mexsana Lady - Protección Femenina (300g + 85g),
SOLO_EN_SHOPIFY_SIN_SKU,,,,,9007176351932,(YV) Pack Ahorro Talco para Pies Rexona Efficient - Protección Antibacterial 48h (180g + 55g),
SOLO_EN_SHOPIFY_SIN_SKU,,,,,9006042808508,(YV) Pack Ahorro x2 Jabón Íntimo Intibon - Vinagre de Manzana y Caléndula (210g c/u),
SOLO_EN_SHOPIFY_SIN_SKU,,,,,9004809322684,(YV) Pack Ahorro x2 Jabón Íntimo Intibon Caléndula - pH Balanceado (210g c/u),
SOLO_EN_SHOPIFY_SIN_SKU,,,,,9004590399676,(YV) Pack Ahorro x2 Talco en Aerosol Mexsana Lady - Frescura Femenina (260ml c/u),
SOLO_EN_SHOPIFY_SIN_SKU,,,,,9007376662716,(YV) Pack Ahorro: Desodorante Rexona Clinical Clean Scent Mujer - 2 x 48g,
SOLO_EN_SHOPIFY_SIN_SKU,,,,,9003716116668,(YV) Pack Ahorro: Loción Acid Mantle Restauradora (400ml + 120ml),
SOLO_EN_SHOPIFY_SIN_SKU,,,,,9004693848252,(YV) Pack Ahorro: Protectores Diarios Nosotras Normales - Caja x 150 Unidades,
SOLO_EN_SHOPIFY_SIN_SKU,,,,,9010851381436,(YV) Pack Crema Antiarrugas Pond's Rejuveness (100g + 50g),
SOLO_EN_SHOPIFY_SIN_SKU,,,,,9007206924476,(YV) Pack Desodorante en Crema Yodora Clásica - Protección Confiable (60g + 32g),
SOLO_EN_SHOPIFY_SIN_SKU,,,,,9004950061244,(YV) Pack Dúo Crema Anti-Pañalitis Yodora Bebé - Protección y Alivio (2x32g),
SOLO_EN_SHOPIFY_SIN_SKU,,,,,9005905936572,(YV) Pack x10 Cremas Antiarrugas Pond's Rejuveness - Resultados Visibles en 2 Semanas (Sachets 8.5g,
SOLO_EN_SHOPIFY_SIN_SKU,,,,,9004608356540,(YV) Pack x10 Limas de Uñas Profesionales Desechables Masglo - Grano 180/240,
SOLO_EN_SHOPIFY_SIN_SKU,,,,,9010880938172,(YV) Pack x10 Sachets Crema Antimanchas Pond's Clarant B3 con Protector Solar,
SOLO_EN_SHOPIFY_SIN_SKU,,,,,9004646301884,(YV) Pack x12 Cajas de Cuchillas Dorco (60 Hojillas) - Para Barbería y Afeitado Clásico,
SOLO_EN_SHOPIFY_SIN_SKU,,,,,9005998801084,(YV) Pack x2 Antitranspirante Rexona Clinical 'Clean' para Hombre - 96h de Protección (48g c/u),
SOLO_EN_SHOPIFY_SIN_SKU,,,,,9005872447676,(YV) Pack x2 Antitranspirante Rexona Clinical Men 'Sport Strength' - 96h Protección Extrema (48g c/u),
SOLO_EN_SHOPIFY_SIN_SKU,,,,,9005873037500,(YV) Pack x2 Antitranspirante Rexona Clinical para Mujer - 96h Protección Extrema (48g c/u),
SOLO_EN_SHOPIFY_SIN_SKU,,,,,9004871844028,(YV) Pack x2 Cepillos Dentales Oral-B PRO Doble Acción - Limpieza Profunda,
SOLO_EN_SHOPIFY_SIN_SKU,,,,,9007215313084,(YV) Pack x2 Cepillos Dentales Oral-B PRO Doble Acción - Limpieza Superior,
SOLO_EN_SHOPIFY_SIN_SKU,,,,,9010810781884,(YV) Pack x2 Crema Protectora Yodora Clásica para la Pañalitis - 2 x 60g,
SOLO_EN_SHOPIFY_SIN_SKU,,,,,8998460817596,(YV) Pack x2 Desodorante en Crema Arden For Men Original 135g c/u,
SOLO_EN_SHOPIFY_SIN_SKU,,,,,9004777406652,(YV) Pack x3 Talco Desodorante Arden For Men - Set Completo (300g + 85g + 30g),
SOLO_EN_SHOPIFY_SIN_SKU,,,,,9010832867516,(YV) Pack x5 Máquinas de Afeitar Desechables Dorco - Doble Hoja con Lubricante,
SOLO_EN_SHOPIFY_SIN_SKU,,,,,9004753780924,(YV) Pack x8 Repuestos Gillette Mach3 Sensitive - Para Piel Sensible,
SOLO_EN_SHOPIFY_SIN_SKU,,,,,9012794228924,(YV) Pañitos Húmedos para Bebé Dampy (Pack x120) - Sin Alcohol ni Fragancia,
SOLO_EN_SHOPIFY_SIN_SKU,,,,,9007289598140,(YV) Paños de Limpieza Reutilizables Wypall® X-60 Jumbo Roll - 890 Paños,
SOLO_EN_SHOPIFY_SIN_SKU,,,,,9005906755772,(YV) Paños de Manicura Profesionales Wypall* - Rollo x88 Hojas (Sin Pelusa),
SOLO_EN_SHOPIFY_SIN_SKU,,,,,9010894766268,(YV) Pegamento para Uñas Adoro Original de Secado Rápido (3g),
SOLO_EN_SHOPIFY_SIN_SKU,,,,,9007288910012,(YV) Pegamento Profesional Salon Pro para Extensiones de Cabello - 30ml,
SOLO_EN_SHOPIFY_SIN_SKU,,,,,9004729008316,(YV) Perfecto para hombres jóvenes que buscan destacarse. Te mantiene fresco y seguro durante todo el día.,
SOLO_EN_SHOPIFY_SIN_SKU,,,,,9004746801340,(YV) Perfume Ohm de Yanbal para Hombre - Aroma Herbal Cítrico (100ml),
SOLO_EN_SHOPIFY_SIN_SKU,,,,,9007349301436,(YV) Perfume para Hombre Ésika Winner Sport - 100ml,
SOLO_EN_SHOPIFY_SIN_SKU,,,,,9005919830204,(YV) Perfume Termoprotector Ritual Botánico 'Ritual de Seducción' - (120ml),
SOLO_EN_SHOPIFY_SIN_SKU,,,,,9007246803132,(YV) Pestañas Postizas Inventage #1226 - Efecto 'Cat Eye' Alargado y Natural,
SOLO_EN_SHOPIFY_SIN_SKU,,,,,9005886439612,(YV) Pestañina Dolce Bella con Cepillo de Silicona - Volumen y Definición (A Prueba de Agua),
SOLO_EN_SHOPIFY_SIN_SKU,,,,,9007205515452,(YV) Pestañina Maybelline 'The Colossal' a Prueba de Agua - Volumen x7 (Negro),
SOLO_EN_SHOPIFY_SIN_SKU,,,,,9005984612540,(YV) Pestañina Maybelline 'The Colossal' Volum' Express - Volumen Colosal (Negro Lavable),
SOLO_EN_SHOPIFY_SIN_SKU,,,,,9012630978748,(YV) Pestañina Maybelline Firework (A Prueba de Agua) - Mirada Explosiva 360°,
SOLO_EN_SHOPIFY_SIN_SKU,,,,,9012173668540,(YV) Pestañina Maybelline Sky High a Prueba de Agua - Longitud Sin Límites,
SOLO_EN_SHOPIFY_SIN_SKU,,,,,9012183957692,(YV) Pestañina Maybelline Sky High Lavable - Longitud Sin Límites y Volumen Viral,
SOLO_EN_SHOPIFY_SIN_SKU,,,,,9005071368380,(YV) Pestañina Prosa 'Maxi Volumen' (Tapa morada) - Volumen Extremo y Negro Intenso,
SOLO_EN_SHOPIFY_SIN_SKU,,,,,9010833555644,(YV) Pestañina Prosa Maxi Volumen con Cepillo de Silicón - A Prueba de Agua,
SOLO_EN_SHOPIFY_SIN_SKU,,,,,9004877578428,(YV) Pestañina Prosa Micro Fibras (Maxi-Volumen) - Efecto Pestañas Postizas,
SOLO_EN_SHOPIFY_SIN_SKU,,,,,9004597739708,"(YV) Pestañina Vogue 'Amor a Primera Vista' - A Prueba de Agua, Curva Extrema (Negro)",
SOLO_EN_SHOPIFY_SIN_SKU,,,,,9004952879292,(YV) Pestañina Vogue 'Curvas Perfectas' - Efecto Lifting por 12 Horas (A Prueba de Agua),
SOLO_EN_SHOPIFY_SIN_SKU,,,,,9004848775356,(YV) Pestañina Vogue 'Efecto Total 6' - Todos los Beneficios en Uno (Negro),
SOLO_EN_SHOPIFY_SIN_SKU,,,,,9010825232572,(YV) Pestañina Vogue Efecto Pestañas de Muñeca - Volumen Dramático,
SOLO_EN_SHOPIFY_SIN_SKU,,,,,9007321055420,(YV) Pestañina Vogue Resist 36H a Prueba de Agua - Volumen y Curva,
SOLO_EN_SHOPIFY_SIN_SKU,,,,,9012926480572,(YV) Pinza / Gancho Profesional para Peinar ENKOR - Acabado Dorado,
SOLO_EN_SHOPIFY_SIN_SKU,,,,,9004882886844,(YV) Plancha Alisadora Remington Shine Therapy - Aguacate y Macadamia (S9960),
SOLO_EN_SHOPIFY_SIN_SKU,,,,,9012200374460,"(YV) Plancha Profesional BaBylissPRO Nano Titanium 1"" - Ultradelgada 450°F (Modelo 4072)",
SOLO_EN_SHOPIFY_SIN_SKU,,,,,9003723161788,"(YV) Plancha Profesional BaBylissPRO Optima 3000 Nano Titanium 1 ¼"" - Alisa y Riza",
SOLO_EN_SHOPIFY_SIN_SKU,,,,,9003748524220,"(YV) Plancha Profesional Cetus CMS - Titanio, Control Digital y 480°F",
SOLO_EN_SHOPIFY_SIN_SKU,,,,,9005883556028,(YV) Plancha Profesional CMS Cosmos 'Fenix' - Titanio y Tecnología MCH 480°F,
SOLO_EN_SHOPIFY_SIN_SKU,,,,,9010698780860,"(YV) Polímero Finalizador para Cabello Dromatic - Brillo, Anti-Frizz y Filtro UV (20ml)",
SOLO_EN_SHOPIFY_SIN_SKU,,,,,9005905150140,(YV) Polvo Compacto 'Piel Radiante' - Acabado Mate Natural con SPF 10 (Tono #2),
SOLO_EN_SHOPIFY_SIN_SKU,,,,,9004709970108,(YV) Polvo Compacto 'Sport Active' SPF 30 - A Prueba de Sudor y Humedad,
SOLO_EN_SHOPIFY_SIN_SKU,,,,,8998950305980,(YV) Polvo Compacto de Arroz Ana María SPF 25 - Acabado Mate con Tratamiento Antiedad,
SOLO_EN_SHOPIFY_SIN_SKU,,,,,9012753203388,(YV) Polvo Compacto SP PRO con Filtro Solar - Tono 103 / Acabado Mate,
SOLO_EN_SHOPIFY_SIN_SKU,,,,,9005896990908,(YV) Polvo Compacto Tradicional Nailen - El Clásico Acabado Mate (14g),
SOLO_EN_SHOPIFY_SIN_SKU,,,,,9010900107452,(YV) Polvo Decolorante Profesional Nouvelle - Aclara 9 Tonos (500g),
SOLO_EN_SHOPIFY_SIN_SKU,,,,,9010905972924,(YV) Polvo Decolorante Profesional Nouvelle - Aclaración Intensa y Protegida (500g),
SOLO_EN_SHOPIFY_SIN_SKU,,,,,9005865697468,(YV) Polvo Suelto Traslúcido Mineral Raquel - Efecto Mate y Larga Duración,
SOLO_EN_SHOPIFY_SIN_SKU,,,,,9007284093116,(YV) Pomys Rueditas Desmaquilladoras Clásicas (Paquete x2) - 120 Unidades,
SOLO_EN_SHOPIFY_SIN_SKU,,,,,9005878804668,(YV) Protector Labial ChapStick 'Medicated' - Alivio y Reparación Intensa (1 Und),
SOLO_EN_SHOPIFY_SIN_SKU,,,,,9006023213244,(YV) Protector Labial ChapStick Clásico Sabor Cereza con Filtro Solar,
SOLO_EN_SHOPIFY_SIN_SKU,,,,,9010886181052,"(YV) Protector Labial Nivea Cherry Shine - Hidratación, Color y Brillo",
SOLO_EN_SHOPIFY_SIN_SKU,,,,,9012172652732,(YV) Protector Solar Afelius Gel Oil Free SPF 30 - Piel Grasa (60 g),
SOLO_EN_SHOPIFY_SIN_SKU,,,,,9010927173820,(YV) Protector Solar Afelius Gel Oil Free SPF 30 - Piel Grasa (Pack x 2 Und),
SOLO_EN_SHOPIFY_SIN_SKU,,,,,8998457966780,(YV) Protector Solar Ana María SPF 50 Crema Gel - Efecto Mate Invisible,
SOLO_EN_SHOPIFY_SIN_SKU,,,,,9004595151036,(YV) Protector Solar en Crema Umbrella SPF 50+ - Muy Alta Protección Dermatológica 60g,
SOLO_EN_SHOPIFY_SIN_SKU,,,,,9007209218236,(YV) Protector Solar en Gel Umbrella SPF 50 - Efecto Mate para Piel Grasa (60g),
SOLO_EN_SHOPIFY_SIN_SKU,,,,,9012603617468,(YV) Protector Solar Eucerin Sun Fluido Anti-Edad FPS 50+ (50 ml) con Ácido Hialurónico,
SOLO_EN_SHOPIFY_SIN_SKU,,,,,8998441975996,(YV) Protector Solar Facial en Gel Arawak Sundark SPF 60 - Oil-Free y Hipoalergénico,
SOLO_EN_SHOPIFY_SIN_SKU,,,,,9005899776188,(YV) Protector Solar Facial Eucerin Oil Control Toque Seco SPF 50+ (Piel Grasa),
SOLO_EN_SHOPIFY_SIN_SKU,,,,,9012291141820,(YV) Protector Solar Facial NIVEA SUN Control de Brillo FPS 50 (50 ml),
SOLO_EN_SHOPIFY_SIN_SKU,,,,,9010890932412,(YV) Protector Solar Facial Nude con Color SPF 50 - Efecto Primer y Acabado Mate (50 ml),
SOLO_EN_SHOPIFY_SIN_SKU,,,,,9010891358396,(YV) Protector Solar Facial Nude con Color SPF 50 - Efecto Primer y Acabado Mate (50 ml),
SOLO_EN_SHOPIFY_SIN_SKU,,,,,9012174618812,(YV) Protector Solar Familiar NO-AD SPF 60 - Alta Protección (473 ml),
SOLO_EN_SHOPIFY_SIN_SKU,,,,,9010918817980,(YV) Protector Solar Familiar NO-AD SPF 85 - Alta Protección (473 ml),
SOLO_EN_SHOPIFY_SIN_SKU,,,,,9010882511036,(YV) Protector Solar Familiar NO-AD SPF 85 - Alta Protección Hidratante 250ml,
SOLO_EN_SHOPIFY_SIN_SKU,,,,,9010662768828,(YV) Protector Solar Nevada NNP de Máxima Protección SPF 90 - 100ml,
SOLO_EN_SHOPIFY_SIN_SKU,,,,,9010899812540,(YV) Protector Solar NO-AD SPF 85 - Alta Protección UVA/UVB (89 ml),
SOLO_EN_SHOPIFY_SIN_SKU,,,,,9005058883772,(YV) Protector Solar SUNDOWN® 'Playa y Piscina' FPS 70 - Alta Protección Resistente al Agua,
SOLO_EN_SHOPIFY_SIN_SKU,,,,,9007169929404,(YV) Protector Solar Yanbal Total Block Matificante SPF 100 - Anti-Brillo (80g),
SOLO_EN_SHOPIFY_SIN_SKU,,,,,9005877035196,(YV) Protector Solar Yanbal Total Block SPF 100 - Formato Jumbo (140g),
SOLO_EN_SHOPIFY_SIN_SKU,,,,,9010849153212,(YV) Protector Solar Yanbal Total Block SPF 100 - Protección 360° (80g),
SOLO_EN_SHOPIFY_SIN_SKU,,,,,9004960481468,(YV) Proteína Capilar Reconstructora DAHLIA - con Aminoácidos y Argán (500g),
SOLO_EN_SHOPIFY_SIN_SKU,,,,,9012242055356,(YV) Removedor de Color Profesional Salerm Color Reverse 200ml (Elimina el tinte sin decolorar),
SOLO_EN_SHOPIFY_SIN_SKU,,,,,9010922029244,(YV) Repelente de Mosquitos Nopikex en Spray - Protección Dengue y Zika (120 ml),
SOLO_EN_SHOPIFY_SIN_SKU,,,,,9007169011900,(YV) Repuesto (Refill) Gel Hidratante Neutrogena Hydro Boost - 50g,
SOLO_EN_SHOPIFY_SIN_SKU,,,,,9005033554108,(YV) Rollo de Paños Desechables Gematic para Estética y Belleza - 900 Hojas,
SOLO_EN_SHOPIFY_SIN_SKU,,,,,9005884244156,(YV) Secador de Cabello Profesional CMS Cosmos 'Fenix' - Motor AC e Iónico de Alta Potencia,
SOLO_EN_SHOPIFY_SIN_SKU,,,,,9003735318716,(YV) Secador Profesional Alizz Super Mega Turbo 21000 - Iónico y de Alta Potencia,
SOLO_EN_SHOPIFY_SIN_SKU,,,,,9007170650300,"(YV) Secador Profesional CMS Cosmos 'Pollux' - Ultra Potente, Ligero y con Cable de 4 Metros",
SOLO_EN_SHOPIFY_SIN_SKU,,,,,9012314308796,"(YV) Secador Remington Power Shine 1875W - Protección de Color, Iónico y Anti-Frizz",
SOLO_EN_SHOPIFY_SIN_SKU,,,,,9005915340988,(YV) Secador Remington Shine Therapy - Aguacate y Macadamia con Iones (D13A),
SOLO_EN_SHOPIFY_SIN_SKU,,,,,9005907804348,(YV) Secante de Esmalte en Aerosol DRYER - Secado Rápido y Brillo Profesional (212g),
SOLO_EN_SHOPIFY_SIN_SKU,,,,,9006026883260,(YV) Seda Dental REACH® Essencial Menta - Rollo de 100 Metros,
SOLO_EN_SHOPIFY_SIN_SKU,,,,,9012755103932,(YV) Separadores de Dedos de Espuma para Pedicura (Par),
SOLO_EN_SHOPIFY_SIN_SKU,,,,,9004875251900,(YV) Serum Alisador Dromatic 'Glicol Laxios' - Liso Intenso y Brillo Extremo (Sachet 20ml),
SOLO_EN_SHOPIFY_SIN_SKU,,,,,8998453608636,(YV) Sérum Capilar Alfaparf Semi di Lino Cristalli Liquidi 30ml - Brillo de Diamante Instantáneo,
SOLO_EN_SHOPIFY_SIN_SKU,,,,,8998432080060,(YV) Serum Capilar Hidratante y Reparador Sonrizos Andrea con Argán y Coco (60g),
SOLO_EN_SHOPIFY_SIN_SKU,,,,,9012482408636,(YV) Serum Crece Pestañas y Cejas Anyeluz - con Procapil y Extractos Naturales,
SOLO_EN_SHOPIFY_SIN_SKU,,,,,9004613664956,(YV) Sérum Crece Pestañas y Cejas Kaba 'Pócima' - Resultados Clínicos en 28 Días,
SOLO_EN_SHOPIFY_SIN_SKU,,,,,9007348940988,(YV) Serum Facial Antioxidante con Vitamina C Dermohelp® - 30ml,
SOLO_EN_SHOPIFY_SIN_SKU,,,,,9003656183996,(YV) Sérum Nocturno Anticaída Anyeluz - Potencializador con Romero y Péptidos 110ml,
SOLO_EN_SHOPIFY_SIN_SKU,,,,,9012474642620,(YV) Sérum Protector Olaplex N°9 Bond Protector Anti-Daño (90 ml),
SOLO_EN_SHOPIFY_SIN_SKU,,,,,9010823594172,(YV) Serum Revitalizante y Reparador Milagros - Con Óleos Naturales 55ml,
SOLO_EN_SHOPIFY_SIN_SKU,,,,,9010803507388,(YV) Sérum Sellador de Puntas Bonacure Peptide Repair Rescue - 100ml,
SOLO_EN_SHOPIFY_SIN_SKU,,,,,8998460522684,(YV) Shampoo Andrea Gusano de Seda & Keratina 1000g - Reparación y Volumen Sin Sal,
SOLO_EN_SHOPIFY_SIN_SKU,,,,,9010852233404,"(YV) Shampoo Anti-Caída y Crecimiento La Poción - Ají, Jengibre y Trébol Rojo 450ml",
SOLO_EN_SHOPIFY_SIN_SKU,,,,,9010904498364,(YV) Shampoo Anticaspa 2 en 1 Head & Shoulders Suave y Manejable (375 ml),
SOLO_EN_SHOPIFY_SIN_SKU,,,,,9010896634044,(YV) Shampoo Anticaspa Head & Shoulders Limpieza Renovadora (375 ml),
SOLO_EN_SHOPIFY_SIN_SKU,,,,,9010862162108,(YV) Shampoo Anticaspa Head & Shoulders Men con Fragancia Old Spice - 375ml,
SOLO_EN_SHOPIFY_SIN_SKU,,,,,9010906267836,(YV) Shampoo Anticaspa Head & Shoulders Purificación Capilar con Carbón Activado (375 ml),
SOLO_EN_SHOPIFY_SIN_SKU,,,,,9005989101756,(YV) Shampoo Anticaspa Medicasp con Ketoconazol 1% - Tratamiento Clínico (100ml),
SOLO_EN_SHOPIFY_SIN_SKU,,,,,9003643175100,"(YV) Shampoo Anyeluz con Romero, Cebolla y Ácido Hialurónico 500ml - Crecimiento Acelerado",
SOLO_EN_SHOPIFY_SIN_SKU,,,,,9012624621756,(YV) Shampoo con Aceite de Cannabis Kanabecare (500 ml) - Crecimiento y Anti-Caída,
SOLO_EN_SHOPIFY_SIN_SKU,,,,,9004573950140,(YV) Shampoo Control Grasa Ritual Botánico - Romero y Eucalipto 400ml,
SOLO_EN_SHOPIFY_SIN_SKU,,,,,9003732730044,(YV) Shampoo de Cebolla Anyeluz 500ml - Crecimiento Intensivo y Anticaída (Sin Sal),
SOLO_EN_SHOPIFY_SIN_SKU,,,,,9007173894332,(YV) Shampoo de Cebolla Kaba - Crecimiento y Fortalecimiento Anti-Caída (500ml),
SOLO_EN_SHOPIFY_SIN_SKU,,,,,9007378301116,"(YV) Shampoo de Crecimiento Esencia Salvaje - Canela, Romero y Clavos 500ml",
SOLO_EN_SHOPIFY_SIN_SKU,,,,,9004593643708,(YV) Shampoo de Crecimiento Milagros 'Milagro Herbal' con Romero y Jengibre - 450ml,
SOLO_EN_SHOPIFY_SIN_SKU,,,,,9010837258428,(YV) Shampoo de Reconstrucción L'Oréal Absolut Repair con Quinoa Dorada - 300ml,
SOLO_EN_SHOPIFY_SIN_SKU,,,,,9004720423100,(YV) Shampoo de Reparación Intensiva Milagros - Arroz y Ácido Hialurónico 450ml,
SOLO_EN_SHOPIFY_SIN_SKU,,,,,9004610322620,(YV) Shampoo de Romero y Quina Anticaída - Fórmula Herbal 1 Litro (Sin Sal),
SOLO_EN_SHOPIFY_SIN_SKU,,,,,9005875495100,(YV) Shampoo en Seco Batiste 'Cherry' - Refresca y da Volumen al Instante (200ml),
SOLO_EN_SHOPIFY_SIN_SKU,,,,,9010825724092,(YV) Shampoo en Seco Batiste Original - Clásico y Refrescante 200ml,
SOLO_EN_SHOPIFY_SIN_SKU,,,,,9010834079932,(YV) Shampoo Fortalecedor Anti-Quiebre Salon In Ultra Force - 1000ml,
SOLO_EN_SHOPIFY_SIN_SKU,,,,,9010880053436,(YV) Shampoo Head & Shoulders Control Comezón con Eucalipto - 375ml,
SOLO_EN_SHOPIFY_SIN_SKU,,,,,9004963987644,(YV) Shampoo Hidratante Salon In 'Hydra Repair' +PRO - Sin Sal (1 Litro),
SOLO_EN_SHOPIFY_SIN_SKU,,,,,9010896273596,(YV) Shampoo Hidratante Tongolé La Poción para Rizos - Sin Sulfatos (440 ml),
SOLO_EN_SHOPIFY_SIN_SKU,,,,,9010698191036,(YV) Shampoo Johnson's® Baby para Cabello Claro con Manzanilla - 1000ml,
SOLO_EN_SHOPIFY_SIN_SKU,,,,,9007252701372,(YV) Shampoo Matizante Muss 'Plata Radiante' - Neutraliza Tonos Amarillos (400ml),
SOLO_EN_SHOPIFY_SIN_SKU,,,,,9005900267708,(YV) Shampoo Medicado con Ketoconazol al 2% - Tratamiento para Caspa Severa (250ml),
SOLO_EN_SHOPIFY_SIN_SKU,,,,,9005898039484,(YV) Shampoo Milagros 'Ultranutritivo Premium' - Para Raíz Grasa y Alisados (450ml),
SOLO_EN_SHOPIFY_SIN_SKU,,,,,9007310176444,(YV) Shampoo Milagros Emergencia Capilar para Cabello Mixto a Graso - 500ml,
SOLO_EN_SHOPIFY_SIN_SKU,,,,,9005864878268,(YV) Shampoo Nutribela 15 'Enzimoterapia' - Reparación Inteligente y Anti-Frizz (400ml),
SOLO_EN_SHOPIFY_SIN_SKU,,,,,9005894140092,(YV) Shampoo Nutribela 15 'Pro-Hialurónico' - Hidratación y Fuerza (400ml),
SOLO_EN_SHOPIFY_SIN_SKU,,,,,9005017759932,(YV) Shampoo Nutribela 15 'Reparación Intensiva' - Cóctel de Nutrición (400ml),
SOLO_EN_SHOPIFY_SIN_SKU,,,,,9004687032508,(YV) Shampoo Nutribela 15 con Células Madre - Reparación y Anti-Quiebre 400ml,
SOLO_EN_SHOPIFY_SIN_SKU,,,,,9010906661052,(YV) Shampoo Pantene Pro-V Bambú Nutre & Crece - Anti-Caída* (400 ml),
SOLO_EN_SHOPIFY_SIN_SKU,,,,,9007263744188,(YV) Shampoo para Niñas Leche Pal Pelo Kids - Nutritivo y Sin Lágrimas (440ml),
SOLO_EN_SHOPIFY_SIN_SKU,,,,,9007303655612,(YV) Shampoo Profesional L'Oréal Absolut Repair Molecular - 1500ml,
SOLO_EN_SHOPIFY_SIN_SKU,,,,,9004880429244,"(YV) Shampoo Reparador con Keratina Vegana y Colágeno - 1 Litro (Sin Siliconas, Sal ni Parabenos)",
SOLO_EN_SHOPIFY_SIN_SKU,,,,,9004868174012,(YV) Shampoo Reparador Wella Professionals Fusion - Anti-Quiebre (1 Litro),
SOLO_EN_SHOPIFY_SIN_SKU,,,,,9007178088636,(YV) Shampoo S.O.S. Ritual Botánico - Cebolla y Argán para Crecimiento y Reparación (400ml),
SOLO_EN_SHOPIFY_SIN_SKU,,,,,9004878856380,(YV) Shampoo Salon In Recamier 'Color Guard' - Protección de Color (1 Litro),
SOLO_EN_SHOPIFY_SIN_SKU,,,,,9004964806844,(YV) Shampoo Salon In Recamier 'Liss Control' - Mantenimiento para Alisados (1 Litro),
SOLO_EN_SHOPIFY_SIN_SKU,,,,,9005895024828,(YV) Shampoo Schwarzkopf BC Peptide Repair Rescue - Reparación Profunda (1 Litro),
SOLO_EN_SHOPIFY_SIN_SKU,,,,,9010883363004,(YV) Shampoo Sin Sal La Poción - Fortalece y Regenera 440ml,
SOLO_EN_SHOPIFY_SIN_SKU,,,,,9005019234492,(YV) Shampoo Tío Nacho 'Engrosador' - Aumenta el Grosor y Volumen del Cabello (415ml),
SOLO_EN_SHOPIFY_SIN_SKU,,,,,9004609274044,(YV) Shampoo Tío Nacho Anti-Canas con Jalea Real y Henna - 415ml,
SOLO_EN_SHOPIFY_SIN_SKU,,,,,9007272296636,(YV) Shampoo Tradicional María Salomé - Anticaída con Quina y Romero (400ml),
SOLO_EN_SHOPIFY_SIN_SKU,,,,,9012658929852,(YV) Spray Protector Térmico OSiS+ Flatliner de Schwarzkopf (200 ml),
SOLO_EN_SHOPIFY_SIN_SKU,,,,,9007292973244,(YV) Spray Serum 10 en 1 L'Oréal Professionnel Absolut Repair - 90ml,
SOLO_EN_SHOPIFY_SIN_SKU,,,,,9010848858300,(YV) Talco Medicado Antifúngico Neofungina - Formato de Viaje 40g,
SOLO_EN_SHOPIFY_SIN_SKU,,,,,9007176646844,(YV) Talco para Pies Ésika 'Multicare' - Mega Formato Familiar (500g),
SOLO_EN_SHOPIFY_SIN_SKU,,,,,9010844860604,(YV) Termoprotector Anti-Frizz Bye Bye Frizz - Blindaje Capilar 180ml,
SOLO_EN_SHOPIFY_SIN_SKU,,,,,9007209939132,(YV) Termoprotector Be Natural 'Lisso Keratina' - Alisante y Anti-Frizz (250ml),
SOLO_EN_SHOPIFY_SIN_SKU,,,,,9012618231996,(YV) Termoprotector Capilar Blindagem Anyeluz - con Aceite de Coco y Argán,
SOLO_EN_SHOPIFY_SIN_SKU,,,,,9007167439036,(YV) Termoprotector Desenredante Bifásico Milagros - Protección Multibeneficios (250ml),
SOLO_EN_SHOPIFY_SIN_SKU,,,,,9004884983996,(YV) Termoprotector en Crema Leche Pal Pelo - Escudo para Plancha y Secador (440ml),
SOLO_EN_SHOPIFY_SIN_SKU,,,,,9007178547388,(YV) Termoprotector en Spray Leche Pal Pelo - Protección Ligera para Cabello Fino (250ml),
SOLO_EN_SHOPIFY_SIN_SKU,,,,,9007353692348,(YV) Termoprotector en Spray Salon In con Keratina y Colágeno Veganos - 300ml,
SOLO_EN_SHOPIFY_SIN_SKU,,,,,9004599640252,"(YV) Tijera Profesional para Cabello Mundial 5.5"" - Línea Punto Rojo (Ref. 663-5)",
SOLO_EN_SHOPIFY_SIN_SKU,,,,,9012768145596,"(YV) Tinta en Gelatina 3 en 1 USHAS (UC026) - Rubor, Labial y Sombra",
SOLO_EN_SHOPIFY_SIN_SKU,,,,,9007360835772,(YV) Tinte en Kit Igora Vital 7-0 Rubio Mediano - Con Keratina y 7 Aceites,
SOLO_EN_SHOPIFY_SIN_SKU,,,,,9010835620028,(YV) Tinte en Kit Igora Vital 9-00 Rubio Extra Claro (Cubrecanas),
SOLO_EN_SHOPIFY_SIN_SKU,,,,,9004887015612,(YV) Tinte Igora Vital 1-0 Negro Intenso - Con Tecnología Plex Anti-Daño,
SOLO_EN_SHOPIFY_SIN_SKU,,,,,9005862584508,(YV) Tinte Igora Vital 6-68 Chocolate Rojizo - Con Tecnología Plex Anti-Daño,
SOLO_EN_SHOPIFY_SIN_SKU,,,,,9007181332668,(YV) Tinte Igora Vital 7-77 Cobrizo Intenso - Con Tecnología Plex Anti-Daño,
SOLO_EN_SHOPIFY_SIN_SKU,,,,,9007361065148,(YV) Tinte Igora Vital 8-00 Rubio Claro Cubrecanas - Kit de Coloración,
SOLO_EN_SHOPIFY_SIN_SKU,,,,,9007269150908,(YV) Tinte Matizador Palette Tone Cream N310 Plata - Sin Amoníaco (50ml),
SOLO_EN_SHOPIFY_SIN_SKU,,,,,9007218589884,(YV) Tinte Natural Herbacol 'Flash Cubrecanas' - Tono Chocolate (Sin Amoníaco) 240ml,
SOLO_EN_SHOPIFY_SIN_SKU,,,,,9004888391868,(YV) Tinte Palette Intensive Color Creme 1-0 Negro - Cobertura de Canas y Anti-Quiebre,
SOLO_EN_SHOPIFY_SIN_SKU,,,,,9005863174332,(YV) Tinte Palette Intensive Color Creme 1-1 Negro Azul - Color Intenso y Anti-Quiebre,
SOLO_EN_SHOPIFY_SIN_SKU,,,,,9004980469948,(YV) Tinte Palette Intensive Color Creme 5-68 Chocolate - Color Intenso y Anti-Quiebre,
SOLO_EN_SHOPIFY_SIN_SKU,,,,,9007386230972,(YV) Tinte Profesional Igora Royal 5-68 Castaño Claro Chocolate Rojo - 60g,
SOLO_EN_SHOPIFY_SIN_SKU,,,,,9007358804156,(YV) Tinte Profesional Igora Royal 6-68 Rubio Oscuro Chocolate Rojo - 60g,
SOLO_EN_SHOPIFY_SIN_SKU,,,,,9010834931900,(YV) Tinte Profesional Igora Royal 7-0 Rubio Medio Natural - 60g,
SOLO_EN_SHOPIFY_SIN_SKU,,,,,9007359262908,(YV) Tinte Profesional Igora Royal 8-77 Rubio Claro Cobrizo Intenso - 60g,
SOLO_EN_SHOPIFY_SIN_SKU,,,,,9007359656124,(YV) Tinte Profesional Igora Royal 9-98 Rubio Muy Claro Violeta Rojizo - 60g,
SOLO_EN_SHOPIFY_SIN_SKU,,,,,9004974964924,(YV) Tinte Profesional Igora Royal Absolutes 7-60 (Chocolate Natural) - 60ml,
SOLO_EN_SHOPIFY_SIN_SKU,,,,,9004820693180,(YV) Tinte Profesional Igora Royal Absolutes 9-140 (Rubio Ceniza Beige) - 60ml,
SOLO_EN_SHOPIFY_SIN_SKU,,,,,9007291203772,(YV) Tinte Profesional Igora Royal Fashion Lights L-77 Cobrizo Intenso - 60mL,
SOLO_EN_SHOPIFY_SIN_SKU,,,,,9007291891900,(YV) Tinte Profesional Igora Royal Fashion Lights L-89 Rojo Violeta - 60mL,
SOLO_EN_SHOPIFY_SIN_SKU,,,,,9004575391932,(YV) Tinte Profesional Schwarzkopf IGORA ROYAL 1-0 (Negro) - 60ml,
SOLO_EN_SHOPIFY_SIN_SKU,,,,,9007178875068,(YV) Tinte Profesional Schwarzkopf IGORA ROYAL 5-7 (Castaño Claro Cobrizo) - 60ml,
SOLO_EN_SHOPIFY_SIN_SKU,,,,,9005892468924,(YV) Tinte Profesional Schwarzkopf IGORA ROYAL 6-77 (Rubio Oscuro Cobre Extra) - 60ml,
SOLO_EN_SHOPIFY_SIN_SKU,,,,,9005924450492,(YV) Tinte Profesional Schwarzkopf IGORA ROYAL 7-77 (Rubio Medio Cobre Extra) - 60ml,
SOLO_EN_SHOPIFY_SIN_SKU,,,,,9004972835004,(YV) Tinte Profesional Schwarzkopf IGORA ROYAL 8-0 (Rubio Claro Natural) - 60ml,
SOLO_EN_SHOPIFY_SIN_SKU,,,,,9004973588668,(YV) Tinte Profesional Schwarzkopf IGORA ROYAL 8-46 (Rubio Claro Beige Marrón) - 60ml,
SOLO_EN_SHOPIFY_SIN_SKU,,,,,9007179071676,(YV) Tinte Profesional Schwarzkopf IGORA ROYAL 9-0 (Rubio Muy Claro Natural) - 60ml,
SOLO_EN_SHOPIFY_SIN_SKU,,,,,9007244148924,(YV) Tinte Rápido Color-1 '5 Minutos' - Tono 1 Negro (Kit de Aplicación),
SOLO_EN_SHOPIFY_SIN_SKU,,,,,9007266463932,(YV) Tinte Super Aclarante Schwarzkopf IGORA ROYAL Highlifts 12-0 (Natural) - 60ml,
SOLO_EN_SHOPIFY_SIN_SKU,,,,,9010924421308,(YV) Tinte Superaclarante Nouvelle #12.20 Rubio Irisado Amatista (100g),
SOLO_EN_SHOPIFY_SIN_SKU,,,,,9007259287740,(YV) Toallas Desechables para Peluquería Wypall* X70 - Paquete x 50 Hojas,
SOLO_EN_SHOPIFY_SIN_SKU,,,,,9012761624764,(YV) Toallitas Desmaquillantes Refrescantes con Pepino FACE CLEAN (30 Unidades),
SOLO_EN_SHOPIFY_SIN_SKU,,,,,9005867729084,(YV) Toallitas Húmedas para Bebé 'Cariñitos' Original - Pack Ahorro x100 Unidades,
SOLO_EN_SHOPIFY_SIN_SKU,,,,,9007273214140,(YV) Tónico Capilar 'Milagro Herbal' de Milagros - Tratamiento Intensivo Anticaída (110ml),
SOLO_EN_SHOPIFY_SIN_SKU,,,,,9007283011772,(YV) Tónico Capilar Bulbo Forte Herbal - Tratamiento 3 en 1 Anticaspa y Anticaída (120ml),
SOLO_EN_SHOPIFY_SIN_SKU,,,,,9004961956028,(YV) Tónico Capilar de Crecimiento Intensivo Kaba - Clínicamente Comprobado (30ml),
SOLO_EN_SHOPIFY_SIN_SKU,,,,,9007339471036,(YV) Tónico Cubrecanas Natural Herbacol - Castaño Oscuro 240ml (Sin Amoníaco),
SOLO_EN_SHOPIFY_SIN_SKU,,,,,9007378858172,(YV) Tónico Cubrecanas Natural Herbacol - Rubio Medio 240ml (Sin Amoníaco),
SOLO_EN_SHOPIFY_SIN_SKU,,,,,9010819006652,(YV) Tónico Despigmentante Aclarante Lb - Tratamiento de Noche 30ml,
SOLO_EN_SHOPIFY_SIN_SKU,,,,,9010700615868,(YV) Tratamiento 18 en 1 Lehit - Repolarizador en Frío Reparación Total (Sachet 90g),
SOLO_EN_SHOPIFY_SIN_SKU,,,,,9010835161276,(YV) Tratamiento 18 en 1 Lehit - Repolarizador en Frío Reparación Total 300ml,
SOLO_EN_SHOPIFY_SIN_SKU,,,,,9010845614268,(YV) Tratamiento 2 en 1 Skala Expert Babosa (Aloe Vera) - Hidratación Profunda 1000g,
SOLO_EN_SHOPIFY_SIN_SKU,,,,,9007304573116,(YV) Tratamiento 2 en 1 Skala Expert Maionese Capilar Nutritiva - 1000g,
SOLO_EN_SHOPIFY_SIN_SKU,,,,,9010637537468,(YV) Tratamiento 2 en 1 Skala Expert Mais Crespos - Nutrición Afro y Rizos 1000g,
SOLO_EN_SHOPIFY_SIN_SKU,,,,,8998458228924,(YV) Tratamiento 3 en 1 Andrea Sonrizos para Rizos y Ondas 260g - con Ácido Hialurónico,
SOLO_EN_SHOPIFY_SIN_SKU,,,,,9005889552572,(YV) Tratamiento 3 en 1 Ponto Brasileiro 'Recupera tus Rizos' - Coco y Ricino (1kg),
SOLO_EN_SHOPIFY_SIN_SKU,,,,,9010864947388,(YV) Tratamiento Acondicionador de Reparación La Poción - 15 Proteínas y Aminoácidos 450ml,
SOLO_EN_SHOPIFY_SIN_SKU,,,,,9010904203452,(YV) Tratamiento Acondicionador para Rizos Tongolé - Hidratación y Anti-Frizz (450 ml),
SOLO_EN_SHOPIFY_SIN_SKU,,,,,9012188840124,(YV) Tratamiento Alisante Keralizze (Paso 2) Duvy Class - Keratina Profesional Sin Formol,
SOLO_EN_SHOPIFY_SIN_SKU,,,,,9007249719484,(YV) Tratamiento Alisante Profesional Keralizze (Paso 2) de Duvy Class - 400ml,
SOLO_EN_SHOPIFY_SIN_SKU,,,,,9004966740156,(YV) Tratamiento Alisante Salon In Braziliss (Paso 2) - Sin Formol (1000g),
SOLO_EN_SHOPIFY_SIN_SKU,,,,,9005869727932,(YV) Tratamiento Bio-Repolarizador Capilar Milagros - Reparación Total 3 en 1 (450ml),
SOLO_EN_SHOPIFY_SIN_SKU,,,,,9007360540860,(YV) Tratamiento Capilar en Sachet Lehit con Aceite de Argán - 10g,
SOLO_EN_SHOPIFY_SIN_SKU,,,,,9012397015228,(YV) Tratamiento Capilar Lehit 18 en 1 en Frío (500 ml) - Reparación Total,
SOLO_EN_SHOPIFY_SIN_SKU,,,,,9012917895356,(YV) Tratamiento Capilar Lehit con Aceite de Cebolla (10 gr) - Crecimiento y Fortaleza,
SOLO_EN_SHOPIFY_SIN_SKU,,,,,9007388590268,(YV) Tratamiento Capilar Nutribela 15 con Enzimoterapia - 300ml,
SOLO_EN_SHOPIFY_SIN_SKU,,,,,9012176191676,(YV) Tratamiento de Alisado Profesional Brasil Cacau Eco Keratin (Sin Formol) - 1 Litro,
SOLO_EN_SHOPIFY_SIN_SKU,,,,,9007208038588,"(YV) Tratamiento de Frutas Milagros - Nutrición, Crecimiento y Reparación (500ml)",
SOLO_EN_SHOPIFY_SIN_SKU,,,,,9007175925948,(YV) Tratamiento de Hidratación 3 en 1 Ponto Brasileiro - Aloe Vera y Pantenol (1kg),
SOLO_EN_SHOPIFY_SIN_SKU,,,,,9010636816572,(YV) Tratamiento de Reconstrucción Intensiva Ritual Botanico PLEX - 400ml,
SOLO_EN_SHOPIFY_SIN_SKU,,,,,9004784976060,(YV) Tratamiento de Repolarización Capilar D'mag - S.O.S. 13 en 1 (80ml),
SOLO_EN_SHOPIFY_SIN_SKU,,,,,9005909311676,(YV) Tratamiento Elvive Óleo Extraordinario de L'Oréal Paris - Nutrición y Brillo (100ml),
SOLO_EN_SHOPIFY_SIN_SKU,,,,,9004874105020,(YV) Tratamiento Endurecedor de Uñas 'Quimica Rongles' - Fortaleza Extrema,
SOLO_EN_SHOPIFY_SIN_SKU,,,,,9003646681276,(YV) Tratamiento Fortalecedor Arobell 'Uñas de Hierro' 13ml - Crecimiento y Dureza,
SOLO_EN_SHOPIFY_SIN_SKU,,,,,9010840174780,(YV) Tratamiento Hidratante Nutribela 15 Pro-Hialurónico - 300ml,
SOLO_EN_SHOPIFY_SIN_SKU,,,,,9012531757244,(YV) Tratamiento Hidratante Schwarzkopf Bonacure (BC) Moisture Kick (200 ml),
SOLO_EN_SHOPIFY_SIN_SKU,,,,,9010634195132,(YV) Tratamiento Intensivo 3 en 1 Salerm 21 con Proteínas de Seda - 250g,
SOLO_EN_SHOPIFY_SIN_SKU,,,,,9004791169212,(YV) Tratamiento Leave-On Salon In Recamier - Keratina Vegana Reparadora (500ml),
SOLO_EN_SHOPIFY_SIN_SKU,,,,,9005929201852,(YV) Tratamiento Lehit '18 en 1' Repolarizador en Frío - Sachet S.O.S.,
SOLO_EN_SHOPIFY_SIN_SKU,,,,,9007180906684,(YV) Tratamiento Lehit 'Gusano de Seda' - Brillo y Sedosidad Instantánea (Sachet 30g),
SOLO_EN_SHOPIFY_SIN_SKU,,,,,9007182053564,(YV) Tratamiento Matizante Prokpil 'Beige Almendra' - Neutraliza Tonos Amarillos (300ml),
SOLO_EN_SHOPIFY_SIN_SKU,,,,,9004575785148,(YV) Tratamiento Matizante Prokpil 'Beige Almendra' - Refresca tu Rubio (Sachet 40g),
SOLO_EN_SHOPIFY_SIN_SKU,,,,,9004663865532,(YV) Tratamiento Matizante Prokpil 'Cenizo' - Neutraliza Tonos Naranja y Cobre (300ml),
SOLO_EN_SHOPIFY_SIN_SKU,,,,,9004673630396,(YV) Tratamiento Matizante Prokpil 'Platino' - Neutraliza Tonos Amarillos (300ml),
SOLO_EN_SHOPIFY_SIN_SKU,,,,,9007361392828,(YV) Tratamiento Matizante Prokpil Cenizo Especial - Sachet 40g,
SOLO_EN_SHOPIFY_SIN_SKU,,,,,9007372828860,(YV) Tratamiento Matizante Prokpil Color Platino - Sachet 40g,
SOLO_EN_SHOPIFY_SIN_SKU,,,,,9007208661180,(YV) Tratamiento Milagros 'Emergencia Capilar' - Equilibrio para Raíz Grasa y Puntas Secas (500ml),
SOLO_EN_SHOPIFY_SIN_SKU,,,,,9004935610556,(YV) Tratamiento para Niños Skala Kids 'Divino Potinho' - Rizos Definidos (1kg),
SOLO_EN_SHOPIFY_SIN_SKU,,,,,9005898498236,(YV) Tratamiento para Rizos Milagros 'Nutrición y Crecimiento' - 3 en 1 (450ml),
SOLO_EN_SHOPIFY_SIN_SKU,,,,,9012775125180,(YV) Tratamiento Rejuvenecedor Lehit con Células Madre de Argán (30 gr),
SOLO_EN_SHOPIFY_SIN_SKU,,,,,9007292416188,(YV) Tratamiento Reparador Lehit en Gotas con Aceite de Argán - 50ml,
SOLO_EN_SHOPIFY_SIN_SKU,,,,,9005885882556,(YV) Tratamiento Repolarizador D'mag 'Cóctel 13 en 1' - Reparación y Anti-Caída (430ml),
SOLO_EN_SHOPIFY_SIN_SKU,,,,,9012364411068,(YV) Tratamiento Repolarizador Kaba (230 ml) - 4 en 1 con Extractos Naturales,
SOLO_EN_SHOPIFY_SIN_SKU,,,,,9004974440636,(YV) Tratamiento Repolarizador Lehit 'Cóctel 8 en 1' - Reparación y Anti-Caída (90g),
SOLO_EN_SHOPIFY_SIN_SKU,,,,,9004816007356,(YV) Tratamiento S.O.S. de Aceite de Coco Lehit - Dosis de Reparación (Sachet 10g),
SOLO_EN_SHOPIFY_SIN_SKU,,,,,9005868286140,(YV) Tratamiento Skala 'Bomba S.O.S' de Vitaminas - Auxiliar de Crecimiento (1000g),
SOLO_EN_SHOPIFY_SIN_SKU,,,,,9005895581884,(YV) Tratamiento Skala 'Divino Potão' 2 en 1 - Especial para Transición Capilar (1000g),
SOLO_EN_SHOPIFY_SIN_SKU,,,,,9007182741692,(YV) Tratamiento Skala 'Dona Skala' 2 en 1 - Nutrición para Liso y Ondulado (1000g),
SOLO_EN_SHOPIFY_SIN_SKU,,,,,9004589187260,(YV) Tratamiento Skala 'Mais Cachos' 2 en 1 - Hidratación y Definición (1000g),
SOLO_EN_SHOPIFY_SIN_SKU,,,,,9006069022908,(YV) Tratamiento Skala 'Melancia Frutástica' 2 en 1 - Hidratación Refrescante (1000g),
SOLO_EN_SHOPIFY_SIN_SKU,,,,,9004834455740,(YV) Tratamiento Skala 'Morango Frutástica' 2 en 1 - Nutrición y Brillo (1000g),
SOLO_EN_SHOPIFY_SIN_SKU,,,,,9004940787900,(YV) Tratamiento Skala 'Potão do Amor' 2 en 1 - Bomba de Nutrientes (1000g),
SOLO_EN_SHOPIFY_SIN_SKU,,,,,9007171109052,(YV) Tratamiento Termo-Alisador Progresivo Herbacol 'Lisso Inteligente' (240g),
SOLO_EN_SHOPIFY_SIN_SKU,,,,,9007340191932,(YV) Tratamiento y Crema para Peinar 2 en 1 Herbacol con Aguacate y Keratina,
SOLO_EN_SHOPIFY_SIN_SKU,,,,,9006002995388,(YV) Vick VapoRub Ungüento - Alivio de la Tos y Congestión Nasal (50g),
SOLO_EN_SHOPIFY_SIN_SKU,,,,,9007385837756,(YV) ¡OFERTA! Aclarador de Cabello y Vello Rocío de Oro Spray - 150ml,
SOLO_EN_SHOPIFY_SIN_SKU,,,,,9010863341756,"(YV) ¡OFERTA! Pañitos Húmedos Freskitos con Aloe Vera - Paga 70, Lleva 102 Unidades",
SOLO_EN_SHOPIFY_SIN_SKU,,,,,9010655690940,(YV)Aceite Bronceador de Zanahoria Natalia Paris - Tono Dorado Intenso 240ml,
SOLO_EN_SHOPIFY_SIN_SKU,,,,,9010652053692,(YV)Antitranspirante en Crema Rexona Clinical Expert para Mujer - 48 gr,
SOLO_EN_SHOPIFY_SIN_SKU,,,,,9010915442876,(YV)Crema Humectante Pond's S con Extractos Naturales - Piel Seca (100 g),
SOLO_EN_SHOPIFY_SIN_SKU,,,,,9010824872124,(YV)Desodorante en Aerosol Dove Tono Uniforme Orquídea - 150ml,
SOLO_EN_SHOPIFY_SIN_SKU,,,,,9012450754748,"(YV)Desodorante Roll-On Hi & Dri (50 ml) - Para Piel Sensible, Sin Alcohol ni Fragancia",
SOLO_EN_SHOPIFY_SIN_SKU,,,,,9010645827772,(YV)Protector Solar Corporal Umbrella Plus Emulsión en Spray SPF 50 - 120g,
SOLO_EN_SHOPIFY_SIN_SKU,,,,,9010659328188,(YV)Talco Medicado Antifúngico Neofungina - Tratamiento para Hongos 200g,
SOLO_EN_SHOPIFY_SIN_SKU,,,,,9007210823868,(YV)Tónico Capilar Bulbo Forte - Aumenta el Crecimiento hasta un 30% (120ml),
SOLO_EN_SHOPIFY_SIN_SKU,,,,,9010641305788,(YV)Tratamiento 2 en 1 Skala Expert Mais Lisos - Liso Perfecto 1000g,
SOLO_EN_SHOPIFY_SIN_SKU,,,,,9012440170684,Aceite Wella Oil Reflections Luminous Smoothing Oil (100 ml) - Brillo y Suavidad,
SOLO_EN_SHOPIFY_SIN_SKU,,,,,9010799411388,Antitranspirante en Crema Rexona Clinical Expert para Mujer - 60g,
SOLO_EN_SHOPIFY_SIN_SKU,,,,,9012321059004,Base de Maquillaje OG Stay Matte (30 ml) - Tono 525 Sun,
SOLO_EN_SHOPIFY_SIN_SKU,,,,,9003755667644,Bio Mascarilla Capilar Kaba - Crecimiento Clínicamente Comprobado 500ml,
SOLO_EN_SHOPIFY_SIN_SKU,,,,,9003753144508,Crema Facial Aclaradora Pond's Clarant B3 con Filtro UV - 50g,
SOLO_EN_SHOPIFY_SIN_SKU,,,,,9010667815100,Decolorante Profesional Wella BlondorPlex™ con Bond Builder - 800g,
SOLO_EN_SHOPIFY_SIN_SKU,,,,,9003762024636,Gel Fluido Definidor de Rizos Prokpil con Keratina - 300ml,
SOLO_EN_SHOPIFY_SIN_SKU,,,,,9003760779452,Kit Baño de Luna Besuan - Decolorante Corporal para Vellos Dorados 20g,
SOLO_EN_SHOPIFY_SIN_SKU,,,,,9012629569724,Mantequilla Corporal Perfumada Ritual Botánico (240 ml) - Hidratación Profunda,
SOLO_EN_SHOPIFY_SIN_SKU,,,,,9012461240508,Mascarilla L'Oréal Absolut Repair Molecular (100 ml) - Tratamiento sin enjuague con Péptidos,
SOLO_EN_SHOPIFY_SIN_SKU,,,,,9010699632828,Mascarilla Regeneradora Leche Pal Pelo - Tratamiento Intensivo 7 Óleos 800ml,
SOLO_EN_SHOPIFY_SIN_SKU,,,,,9003769561276,Minoxidil Kirkland 5% - Tratamiento para Crecimiento de Cabello y Barba (60ml),
SOLO_EN_SHOPIFY_SIN_SKU,,,,,9010698485948,Pack Dove Shampoo + Acondicionador Reconstrucción Completa - 2 x 370ml,
SOLO_EN_SHOPIFY_SIN_SKU,,,,,9004641910972,Pack x6 Pond's Age Miracle Crema de Día Anti-Edad con Retinol-C y SPF 30,
SOLO_EN_SHOPIFY_SIN_SKU,,,,,9003763138748,Pegamento de Pestañas DUO Brush-On (Verde) - Transparente y Sin Látex,
SOLO_EN_SHOPIFY_SIN_SKU,,,,,9003766808764,Pestañina Prosa Profesional (Tapa Negra) - Alargamiento Extremo y Tratamiento,
SOLO_EN_SHOPIFY_SIN_SKU,,,,,9004963365052,Pestañina Prosa Profesional Silicón (Tapa Gris) - Alargamiento y Definición Precisa,
SOLO_EN_SHOPIFY_SIN_SKU,,,,,9005862289596,Protector Solar Tanga Crema SPF 100 - Máxima Protección Familiar (130ml),
SOLO_EN_SHOPIFY_SIN_SKU,,,,,9010698387644,Tratamiento de Proteína y Aminoácidos Dahlia - Reparación y Anti-Frizz 190g,
SOLO_EN_SHOPIFY_SIN_SKU,,,,,9010701631676,](YV) Plancha Profesional Lizze Extreme - 480°F / 250°C Nano Titanium,
